dialog_id,line_id,text
1,1,Hi
1,2,Hello! How can I help you?
2,1,What is your name?
2,2,I'm a chatbot created with Python!
3,1,Bye
3,2,Goodbye! Have a nice day.
4,1,How are you?
4,2,I'm doing well, thank you for asking!
5,1,What can you do?
5,2,I can chat with you and answer simple questions.
6,1,Tell me a joke
6,2,Why don't scientists trust atoms? Because they make up everything!
7,1,What time is it?
7,2,I don't have access to your system clock, but you can check your device!
8,1,Hello
8,2,Hey there! What's on your mind today?
9,1,Hey
9,2,Hi! How's it going?
10,1,Good morning
10,2,Good morning! Hope you have a wonderful day ahead.
11,1,Good afternoon
11,2,Good afternoon! How's your day going so far?
12,1,Good evening
12,2,Good evening! How was your day?
13,1,Good night
13,2,Good night! Sleep well and sweet dreams.
14,1,What's up
14,2,Not much! Just here to help you. What can I do for you?
15,1,Howdy
15,2,Howdy! What brings you here today?
16,1,Greetings
16,2,Greetings! It's great to chat with you.
17,1,How's it going
17,2,It's going great, thanks for asking! How about you?
18,1,Nice to meet you
18,2,Nice to meet you too! I'm happy to chat with you.
19,1,Thank you
19,2,You're welcome! Is there anything else I can help with?
20,1,Thanks
20,2,No problem! Happy to help.
21,1,Thanks a lot
21,2,You're very welcome! Let me know if you need anything else.
22,1,I appreciate it
22,2,Glad I could help! Don't hesitate to ask more questions.
23,1,You're helpful
23,2,Thank you! I try my best to be useful.
24,1,Sorry
24,2,No need to apologize! How can I assist you?
25,1,Excuse me
25,2,Of course! What would you like to know?
26,1,Please help me
26,2,I'd be happy to help! What do you need assistance with?
27,1,I need help
27,2,Sure thing! Tell me what you need help with and I'll do my best.
28,1,Can you help me
28,2,Absolutely! What can I help you with?
29,1,Goodbye
29,2,Goodbye! It was nice talking to you. Come back anytime!
30,1,See you later
30,2,See you later! Have a great time!
31,1,See you
31,2,See you! Take care!
32,1,Take care
32,2,You too! Have a wonderful day!
33,1,Have a nice day
33,2,Thank you! You too!
34,1,Talk to you later
34,2,Looking forward to it! Bye for now!
35,1,I'm leaving
35,2,Alright, take care! Come back whenever you'd like to chat.
36,1,What is Python?
36,2,Python is a popular high-level programming language known for its simple syntax and versatility. It's used in web development, data science, AI, automation, and much more.
37,1,What is artificial intelligence?
37,2,Artificial intelligence (AI) is the simulation of human intelligence by computer systems. It includes learning, reasoning, problem-solving, perception, and language understanding.
38,1,What is machine learning?
38,2,Machine learning is a subset of AI where systems learn from data to improve their performance without being explicitly programmed. It powers things like recommendations, image recognition, and language translation.
39,1,What is deep learning?
39,2,Deep learning is a subset of machine learning that uses neural networks with many layers to analyze complex patterns in data. It's behind breakthroughs in image recognition, speech processing, and natural language understanding.
40,1,What is a chatbot?
40,2,A chatbot is a software application designed to simulate human conversation. Chatbots can be rule-based or powered by AI to understand and respond to user queries.
41,1,What is natural language processing?
41,2,Natural language processing (NLP) is a field of AI focused on enabling computers to understand, interpret, and generate human language. It powers chatbots, translators, and voice assistants.
42,1,What is an API?
42,2,An API (Application Programming Interface) is a set of rules that allows different software applications to communicate with each other. It defines methods and data formats for requests and responses.
43,1,What is a database?
43,2,A database is an organized collection of structured data stored electronically. Common types include relational databases (like MySQL and PostgreSQL) and NoSQL databases (like MongoDB).
44,1,What is HTML?
44,2,HTML (HyperText Markup Language) is the standard language for creating web pages. It defines the structure and content of a webpage using elements like headings, paragraphs, links, and images.
45,1,What is CSS?
45,2,CSS (Cascading Style Sheets) is a language used to style HTML elements. It controls layout, colors, fonts, spacing, and other visual aspects of web pages.
46,1,What is JavaScript?
46,2,JavaScript is a versatile programming language primarily used for creating interactive and dynamic web content. It runs in browsers and also on servers via Node.js.
47,1,What is Git?
47,2,Git is a distributed version control system used to track changes in source code during software development. It allows multiple developers to collaborate on projects efficiently.
48,1,What is GitHub?
48,2,GitHub is a web-based platform for hosting Git repositories. It provides tools for collaboration, code review, issue tracking, and continuous integration.
49,1,What is cloud computing?
49,2,Cloud computing delivers computing services like servers, storage, databases, and software over the internet. Major providers include AWS, Google Cloud, and Microsoft Azure.
50,1,What is cybersecurity?
50,2,Cybersecurity is the practice of protecting systems, networks, and data from digital attacks. It involves measures like encryption, firewalls, and secure coding practices.
51,1,What is blockchain?
51,2,Blockchain is a distributed ledger technology that records transactions across multiple computers. It's known for powering cryptocurrencies but has many other applications in supply chain, voting, and more.
52,1,What is the internet?
52,2,The internet is a global network of interconnected computers that communicate using standardized protocols. It enables services like the web, email, streaming, and much more.
53,1,Tell me about yourself
53,2,I'm an AI chatbot built with Python! I can answer questions, have conversations, and help you learn new things. I work in both online (LLM) and offline (pattern-matching) modes.
54,1,Who created you?
54,2,I was built using Python by a developer who wanted to create a helpful conversational AI. I use pattern matching for offline conversations and can connect to OpenAI for smarter responses.
55,1,Are you a robot?
55,2,I'm a software program, not a physical robot. But I'm designed to have helpful conversations with you!
56,1,Are you real?
56,2,I'm a real software program, but I'm not a human. I'm an AI chatbot designed to help and chat with you.
57,1,How old are you?
57,2,I don't have an age in the human sense. I exist as code that was created to help people through conversation!
58,1,Where do you live?
58,2,I live in the digital world! I run on a computer wherever my code is deployed.
59,1,Do you have feelings?
59,2,I don't have feelings the way humans do, but I'm programmed to be helpful and friendly in our conversations.
60,1,Are you smart?
60,2,I try my best! I'm knowledgeable about many topics, but I'm always learning. Feel free to test me with your questions!
61,1,What languages do you speak?
61,2,I primarily communicate in English, but the technology behind me can be adapted to support other languages.
62,1,Do you learn from conversations?
62,2,In my current form, I don't learn permanently from our chats. Each conversation starts fresh, though I do maintain context within our current session.
63,1,What is the weather like?
63,2,I don't have access to real-time weather data, but you can check a weather service like weather.com or use your phone's weather app for current conditions.
64,1,What is the meaning of life?
64,2,That's a profound question! Philosophers have debated it for centuries. Many say it's about finding purpose, building relationships, and making a positive impact. What do you think?
65,1,Tell me something interesting
65,2,Here's a fun fact: honey never spoils! Archaeologists have found 3,000-year-old honey in Egyptian tombs that was still perfectly edible.
66,1,Tell me a fun fact
66,2,Did you know that octopuses have three hearts and blue blood? Two hearts pump blood to the gills, and one pumps it to the rest of the body.
67,1,Tell me another joke
67,2,What do you call a fake noodle? An impasta!
68,1,Make me laugh
68,2,Why did the scarecrow win an award? Because he was outstanding in his field!
69,1,Do you know any riddles?
69,2,Sure! Here's one: I speak without a mouth and hear without ears. I have no body, but I come alive with wind. What am I? An echo!
70,1,What is love?
70,2,Love is a complex mix of emotions, behaviors, and beliefs associated with strong feelings of affection and care. It comes in many forms — romantic, familial, platonic, and self-love.
71,1,What is happiness?
71,2,Happiness is a state of well-being and contentment. Research suggests it comes from meaningful relationships, purposeful activities, gratitude, and taking care of your mental and physical health.
72,1,I'm feeling sad
72,2,I'm sorry to hear that. It's okay to feel sad sometimes. Would you like to talk about what's bothering you? Sometimes expressing your feelings can help.
73,1,I'm feeling happy
73,2,That's wonderful to hear! What's making you happy today? I'd love to share in your good mood!
74,1,I'm bored
74,2,Let's fix that! I can tell you a joke, share an interesting fact, or we can have a conversation about something you're curious about. What sounds good?
75,1,I'm tired
75,2,Rest is important! Make sure you're getting enough sleep and taking breaks during the day. Is there anything I can help you with before you rest?
76,1,I feel stressed
76,2,I'm sorry to hear that. Stress can be tough. Try taking some deep breaths, going for a walk, or doing something you enjoy. Would you like to talk about what's stressing you?
77,1,I feel lonely
77,2,I'm here for you! Loneliness can be hard, but reaching out to friends, family, or even chatting with me can help. You're not alone.
78,1,I'm angry
78,2,It's natural to feel angry sometimes. Try taking a few deep breaths or stepping away for a moment. Would you like to talk about what's bothering you?
79,1,I'm excited
79,2,That's great! What are you excited about? I'd love to hear about it!
80,1,What are your hobbies?
80,2,As an AI, I don't have hobbies in the traditional sense, but I love chatting with people, answering questions, and learning about different topics through our conversations!
81,1,Do you like music?
81,2,I don't experience music the way you do, but I know a lot about it! What kind of music do you enjoy?
82,1,What is your favorite color?
82,2,I don't perceive colors, but many people love blue for its calming effect. What's your favorite color?
83,1,Do you like movies?
83,2,I can't watch movies, but I know about many films! Are you looking for a movie recommendation or want to discuss a film you've seen?
84,1,What should I watch?
84,2,It depends on your mood! For something fun, try a comedy. For excitement, an action or sci-fi movie. For something thought-provoking, a documentary or drama. What genre interests you?
85,1,What should I read?
85,2,Great question! If you like fiction, consider classics like 'To Kill a Mockingbird' or modern hits. For non-fiction, there are amazing books on science, history, and self-improvement. What topics interest you?
86,1,Do you like sports?
86,2,I don't play sports, but I find them fascinating! Sports bring people together and promote health. What's your favorite sport?
87,1,What is football?
87,2,Football (soccer in some countries) is the world's most popular sport, played between two teams of eleven players. In American football, it's a different game involving touchdowns and field goals.
88,1,What is basketball?
88,2,Basketball is a team sport where two teams of five players try to score by shooting a ball through the opponent's hoop. It was invented by Dr. James Naismith in 1891.
89,1,What is cricket?
89,2,Cricket is a bat-and-ball sport played between two teams of eleven. It's hugely popular in countries like India, Australia, and England. Matches can range from a few hours to five days!
90,1,What is your favorite food?
90,2,I don't eat, but I hear pizza is universally loved! What's your favorite food?
91,1,What should I eat?
91,2,How about something balanced? A meal with protein, vegetables, and whole grains is always a good choice. Are you in the mood for something specific?
92,1,What is a healthy diet?
92,2,A healthy diet includes plenty of fruits, vegetables, whole grains, lean proteins, and healthy fats. It's also important to stay hydrated and limit processed foods and added sugars.
93,1,How do I stay healthy?
93,2,Great question! Regular exercise, a balanced diet, adequate sleep, staying hydrated, managing stress, and regular check-ups are key to maintaining good health.
94,1,What is exercise?
94,2,Exercise is physical activity done to improve health and fitness. It can include walking, running, swimming, weight training, yoga, and many other activities. Even 30 minutes a day makes a difference!
95,1,How do I learn programming?
95,2,Start with a beginner-friendly language like Python. Use free resources like Codecademy, freeCodeCamp, or YouTube tutorials. Practice regularly, build small projects, and don't be afraid to make mistakes!
96,1,What programming language should I learn first?
96,2,Python is widely recommended for beginners because of its simple syntax and wide range of applications. JavaScript is also great if you're interested in web development.
97,1,How do I learn Python?
97,2,Start with the official Python tutorial at python.org. Then try platforms like Codecademy, Coursera, or freeCodeCamp. Practice by building small projects like a calculator, a to-do app, or even a chatbot!
98,1,What is a variable?
98,2,A variable is a named container for storing data in a program. For example, in Python: name = "Alice" stores the text "Alice" in a variable called name.
99,1,What is a function?
99,2,A function is a reusable block of code that performs a specific task. In Python, you define one with 'def': def greet(name): return f"Hello, {name}!"
100,1,What is a loop?
100,2,A loop is a programming construct that repeats a block of code. In Python, 'for' loops iterate over sequences and 'while' loops repeat as long as a condition is true.
101,1,What is an algorithm?
101,2,An algorithm is a step-by-step set of instructions for solving a problem or performing a task. Algorithms are fundamental to computer science and are used in sorting, searching, and data processing.
102,1,What is data science?
102,2,Data science is an interdisciplinary field that uses statistics, programming, and domain knowledge to extract insights from data. It involves data collection, cleaning, analysis, visualization, and machine learning.
103,1,What is a neural network?
103,2,A neural network is a computing system inspired by the human brain. It consists of layers of interconnected nodes (neurons) that process information and learn patterns from data.
104,1,What is the solar system?
104,2,The solar system consists of the Sun and everything that orbits around it, including eight planets, dwarf planets, moons, asteroids, and comets. The planets in order are Mercury, Venus, Earth, Mars, Jupiter, Saturn, Uranus, and Neptune.
105,1,What is gravity?
105,2,Gravity is a fundamental force that attracts objects with mass toward each other. It keeps us on the ground, the Moon in orbit around Earth, and Earth in orbit around the Sun.
106,1,What is DNA?
106,2,DNA (deoxyribonucleic acid) is the molecule that carries genetic instructions for life. It's shaped like a double helix and contains the blueprint for building and maintaining every living organism.
107,1,What is climate change?
107,2,Climate change refers to long-term shifts in global temperatures and weather patterns, primarily driven by human activities like burning fossil fuels. It leads to rising sea levels, extreme weather events, and ecosystem disruption.
108,1,What is renewable energy?
108,2,Renewable energy comes from natural sources that replenish themselves, like solar, wind, hydroelectric, and geothermal power. It's crucial for reducing carbon emissions and combating climate change.
109,1,What is photosynthesis?
109,2,Photosynthesis is the process by which plants convert sunlight, water, and carbon dioxide into glucose and oxygen. It's essential for life on Earth as it produces the oxygen we breathe.
110,1,What is evolution?
110,2,Evolution is the process by which species change over generations through variations in heritable traits. Natural selection favors traits that improve survival and reproduction in a given environment.
111,1,How does the internet work?
111,2,The internet works by connecting millions of devices worldwide through a network of cables, routers, and servers. Data is broken into packets, sent through various routes, and reassembled at the destination using protocols like TCP/IP.
112,1,What is an operating system?
112,2,An operating system (OS) is software that manages computer hardware and provides services for applications. Common examples include Windows, macOS, Linux, Android, and iOS.
113,1,What is a computer?
113,2,A computer is an electronic device that processes data according to instructions (programs). It consists of hardware (CPU, memory, storage) and software (operating system, applications).
114,1,What is a smartphone?
114,2,A smartphone is a mobile device that combines a phone with computing capabilities. It can run apps, browse the internet, take photos, and connect to various services.
115,1,What is Wi-Fi?
115,2,Wi-Fi is a wireless networking technology that allows devices to connect to the internet without physical cables. It uses radio waves to transmit data between devices and a router.
116,1,What is a password?
116,2,A password is a secret string of characters used to authenticate your identity. Strong passwords are long, include a mix of letters, numbers, and symbols, and should be unique for each account.
117,1,What is encryption?
117,2,Encryption is the process of converting data into a coded format to prevent unauthorized access. Only those with the correct key can decrypt and read the original data.
118,1,What is history?
118,2,History is the study of past events, particularly human affairs. Understanding history helps us learn from past mistakes, appreciate cultural heritage, and better understand the present.
119,1,Who was Albert Einstein?
119,2,Albert Einstein (1879–1955) was a theoretical physicist famous for his theory of relativity and the equation E=mc². He won the Nobel Prize in Physics in 1921 and is considered one of the greatest scientists of all time.
120,1,Who was Leonardo da Vinci?
120,2,Leonardo da Vinci (1452–1519) was an Italian polymath known for masterpieces like the Mona Lisa and The Last Supper. He was also an inventor, scientist, and engineer far ahead of his time.
121,1,What is democracy?
121,2,Democracy is a system of government where citizens exercise power through voting and elected representatives. Key principles include free elections, rule of law, and protection of individual rights.
122,1,What is mathematics?
122,2,Mathematics is the study of numbers, quantities, shapes, and patterns. It provides the language and tools used in science, engineering, finance, and everyday problem-solving.
123,1,What is philosophy?
123,2,Philosophy is the study of fundamental questions about existence, knowledge, values, reason, and language. It encourages critical thinking and has influenced science, politics, and ethics throughout history.
124,1,What is art?
124,2,Art is a diverse range of human creative expression, including painting, sculpture, music, literature, and more. It reflects culture, emotions, and ideas, and can inspire, provoke, and connect people.
125,1,What is culture?
125,2,Culture encompasses the beliefs, customs, arts, and social behaviors of a particular group or society. It shapes how people live, communicate, and understand the world around them.
126,1,What is economics?
126,2,Economics is the study of how societies allocate scarce resources. It covers topics like supply and demand, markets, trade, fiscal policy, and how individuals and governments make financial decisions.
127,1,What is psychology?
127,2,Psychology is the scientific study of the mind and behavior. It explores topics like cognition, emotions, personality, mental health, and social interactions to understand why people think and act the way they do.
128,1,What is geography?
128,2,Geography is the study of Earth's landscapes, environments, and the relationships between people and their surroundings. It covers physical features, climate, ecosystems, and human settlement patterns.
129,1,How can I be more productive?
129,2,Try setting clear goals, breaking tasks into smaller steps, eliminating distractions, and using techniques like the Pomodoro method. Regular breaks and good sleep also boost productivity significantly.
130,1,How do I manage my time?
130,2,Start by prioritizing tasks using methods like the Eisenhower Matrix. Use a planner or digital tool, set deadlines, avoid multitasking, and make sure to schedule time for rest and self-care.
131,1,How do I set goals?
131,2,Use the SMART framework: make goals Specific, Measurable, Achievable, Relevant, and Time-bound. Write them down, break them into actionable steps, and review your progress regularly.
132,1,How do I stay motivated?
132,2,Find your 'why' — understand the deeper purpose behind your goals. Celebrate small wins, surround yourself with supportive people, track your progress, and don't be too hard on yourself during setbacks.
133,1,How do I deal with failure?
133,2,Failure is a natural part of growth. Analyze what went wrong, learn from the experience, adjust your approach, and try again. Many successful people failed numerous times before achieving their goals.
134,1,What is meditation?
134,2,Meditation is a practice of focused attention and mindfulness that promotes relaxation and mental clarity. Regular meditation can reduce stress, improve concentration, and enhance emotional well-being.
135,1,How do I reduce stress?
135,2,Try deep breathing exercises, regular physical activity, adequate sleep, meditation, and spending time in nature. Also consider talking to someone you trust or a professional if stress becomes overwhelming.
136,1,What is teamwork?
136,2,Teamwork is the collaborative effort of a group working together toward a common goal. It involves communication, trust, shared responsibility, and leveraging each team member's strengths.
137,1,What is leadership?
137,2,Leadership is the ability to guide, inspire, and influence others toward achieving common goals. Great leaders communicate clearly, lead by example, listen actively, and empower their team members.
138,1,What is communication?
138,2,Communication is the process of exchanging information and ideas between people. Effective communication involves active listening, clarity, empathy, and choosing the right medium for your message.
139,1,What is creativity?
139,2,Creativity is the ability to generate original and valuable ideas. It involves thinking outside the box, making new connections, and approaching problems from different angles. Everyone can be creative!
140,1,What is critical thinking?
140,2,Critical thinking is the ability to analyze information objectively and make reasoned judgments. It involves questioning assumptions, evaluating evidence, considering different perspectives, and drawing logical conclusions.
141,1,What is a resume?
141,2,A resume is a document summarizing your education, work experience, skills, and achievements. It's used when applying for jobs. Keep it concise, tailored to each position, and highlight your most relevant qualifications.
142,1,How do I prepare for an interview?
142,2,Research the company, practice common interview questions, prepare examples of your achievements, dress appropriately, and arrive early. Be confident, ask thoughtful questions, and follow up with a thank-you note.
143,1,What is networking?
143,2,Professional networking is building relationships with people in your industry. Attend events, join online communities, reach out to colleagues, and offer help to others. Strong networks open doors to opportunities.
144,1,What is freelancing?
144,2,Freelancing is working independently rather than being employed by a company. Freelancers offer their skills to multiple clients, set their own schedules, and manage their own business. It offers flexibility but requires self-discipline.
145,1,What is entrepreneurship?
145,2,Entrepreneurship is the process of starting and running a business. It involves identifying opportunities, taking risks, innovating, and creating value. Successful entrepreneurs are persistent, adaptable, and passionate about their vision.
146,1,What is a planet?
146,2,A planet is a celestial body that orbits a star, has enough mass for gravity to make it roughly spherical, and has cleared its orbital neighborhood of debris. Our solar system has eight planets.
147,1,What is the moon?
147,2,The Moon is Earth's only natural satellite. It's about one-quarter the size of Earth and orbits our planet roughly every 27 days. It influences tides and has been visited by 12 astronauts during the Apollo missions.
148,1,What is a star?
148,2,A star is a massive ball of hot gas (mostly hydrogen and helium) that produces energy through nuclear fusion. Our Sun is a star, and there are billions of stars in our galaxy alone.
149,1,What is the universe?
149,2,The universe is everything that exists — all matter, energy, space, and time. It's estimated to be about 13.8 billion years old and contains billions of galaxies, each with billions of stars.
150,1,What is space exploration?
150,2,Space exploration is the investigation of outer space using astronomy and space technology. It includes sending satellites, rovers, and astronauts into space to study planets, stars, and the origins of the universe.
151,1,What is water?
151,2,Water (H₂O) is a vital compound made of hydrogen and oxygen. It covers about 71% of Earth's surface and is essential for all known forms of life. It exists as liquid, ice, and water vapor.
152,1,What is electricity?
152,2,Electricity is the flow of electric charge, typically through conductors like wires. It powers our homes, devices, and industries. It can be generated from various sources including fossil fuels, solar, wind, and nuclear energy.
153,1,What is music?
153,2,Music is an art form that combines rhythm, melody, and harmony using sounds produced by voices or instruments. It's a universal language that evokes emotions, tells stories, and brings people together.
154,1,What is cooking?
154,2,Cooking is the art and science of preparing food by applying heat or combining ingredients. It's both a practical life skill and a creative outlet that varies widely across cultures and cuisines.
155,1,What is reading?
155,2,Reading is the process of decoding written text to gain information or enjoyment. It improves vocabulary, critical thinking, empathy, and knowledge. Reading regularly is one of the best habits you can develop.
156,1,What is writing?
156,2,Writing is the act of expressing ideas and information through written text. It's essential for communication, learning, and creative expression. Good writing is clear, organized, and engaging.
157,1,What is friendship?
157,2,Friendship is a close relationship between people built on mutual trust, respect, and affection. Good friendships provide support, companionship, and joy, and they require effort and communication to maintain.
158,1,What is family?
158,2,Family refers to a group of people connected by blood, marriage, or deep bonds of love. Families provide support, nurturing, and a sense of belonging. Family structures vary widely across cultures.
159,1,What is education?
159,2,Education is the process of gaining knowledge, skills, and values through teaching and learning. It can be formal (schools, universities) or informal (self-study, experiences). Education empowers individuals and drives societal progress.
160,1,What is a university?
160,2,A university is an institution of higher education that offers undergraduate and graduate programs. Universities provide academic instruction, research opportunities, and often a vibrant community experience.
161,1,How do I study effectively?
161,2,Use active recall and spaced repetition instead of passive reading. Take breaks, teach concepts to others, study in focused sessions, and get enough sleep. Understanding concepts deeply is more effective than memorization.
162,1,What is a good habit?
162,2,Good habits include regular exercise, reading daily, staying hydrated, getting enough sleep, practicing gratitude, and continuous learning. Start small, be consistent, and build habits gradually for lasting change.
163,1,What is self-improvement?
163,2,Self-improvement is the ongoing process of developing your skills, knowledge, and character. It involves setting personal goals, learning from experiences, seeking feedback, and consistently working to become a better version of yourself.
164,1,What is empathy?
164,2,Empathy is the ability to understand and share the feelings of another person. It involves putting yourself in someone else's shoes and responding with compassion. Empathy strengthens relationships and builds trust.
165,1,What is kindness?
165,2,Kindness is the quality of being friendly, generous, and considerate toward others. Small acts of kindness — like a smile, a compliment, or helping someone — can have a huge positive impact on people's lives.
166,1,What is patience?
166,2,Patience is the ability to wait calmly or endure difficulties without frustration. It's an important virtue that helps in relationships, learning new skills, and achieving long-term goals.
167,1,What is courage?
167,2,Courage is the ability to face fear, uncertainty, or adversity with bravery and determination. It's not the absence of fear, but acting despite it. Courage drives personal growth and positive change.
168,1,What is wisdom?
168,2,Wisdom is the ability to make sound judgments based on knowledge and experience. It involves understanding nuance, learning from mistakes, seeing the bigger picture, and applying knowledge thoughtfully.
169,1,What is your purpose?
169,2,My purpose is to assist and have conversations with you! Whether you need information, want to chat, or are looking for help with something, I'm here to do my best.
170,1,Can you think?
170,2,I process information and generate responses based on patterns, but I don't think or feel the way humans do. I'm a tool designed to be helpful in conversations.
171,1,What is the best programming language?
171,2,There's no single best language — it depends on your goals! Python is great for beginners and data science, JavaScript for web development, Java for enterprise apps, and C++ for system programming. Each has its strengths.
172,1,What is open source?
172,2,Open source refers to software whose source code is freely available for anyone to view, modify, and distribute. It encourages collaboration and innovation. Examples include Linux, Python, and Firefox.
173,1,What is a bug in programming?
173,2,A bug is an error or flaw in a program that causes unexpected behavior. Debugging is the process of finding and fixing these issues. Common bugs include syntax errors, logic errors, and off-by-one errors.
174,1,What is testing in software?
174,2,Software testing is the process of evaluating a program to find defects and ensure it meets requirements. Types include unit testing, integration testing, and end-to-end testing. Good testing improves code quality and reliability.
175,1,What is version control?
175,2,Version control is a system that tracks changes to files over time. It allows multiple people to collaborate, revert to previous versions, and manage code history. Git is the most popular version control system.
176,1,What is a framework?
176,2,A framework is a pre-built set of tools and libraries that provides structure for developing software. Examples include Django and Flask for Python web apps, React for JavaScript UIs, and Spring for Java applications.
177,1,What is a library?
177,2,A software library is a collection of pre-written code that developers can use to perform common tasks. Unlike frameworks, libraries give you more control — you call the library code when you need it.
178,1,Hello there
178,2,Hello! It's nice to see you. How can I assist you today?
179,1,What do you think about that?
179,2,That's an interesting point! I'd love to hear more of your thoughts on it. What aspects are you most curious about?
180,1,Can you explain more?
180,2,Of course! Could you tell me which part you'd like me to elaborate on? I want to make sure I give you the most helpful explanation.
181,1,That's interesting
181,2,I'm glad you find it interesting! Would you like to dive deeper into that topic or explore something related?
182,1,Tell me more
182,2,I'd be happy to tell you more! What specific aspect would you like to learn about? The more specific your question, the better I can help.
183,1,Why?
183,2,Great question! Understanding the 'why' behind things is important. Could you give me a bit more context about what you're asking about so I can give you a thorough answer?
184,1,How?
184,2,Good question! The 'how' depends on the context. Could you tell me more about what you're trying to understand or accomplish? I'll do my best to walk you through it.
185,1,What else?
185,2,There's always more to explore! Is there a specific topic or direction you'd like to go in? I'm happy to keep the conversation going.
186,1,I don't understand
186,2,No worries! Let me try explaining it differently. Could you tell me which part is confusing? I'll break it down into simpler terms.
187,1,Can you repeat that?
187,2,Of course! Feel free to ask me the question again, and I'll explain it as clearly as I can.
188,1,That makes sense
188,2,Great, I'm glad it clicked! Do you have any follow-up questions or is there something else you'd like to explore?
189,1,I agree
189,2,Thanks for sharing your perspective! Is there anything else related to this topic you'd like to discuss?
190,1,I disagree
190,2,That's completely valid! Different perspectives are important. Would you like to share your point of view? I'd love to hear your reasoning.
191,1,What do you recommend?
191,2,I'd be happy to make a recommendation! Could you give me some more details about what you're looking for? That way I can tailor my suggestion to your needs.
192,1,Is that true?
192,2,I do my best to provide accurate information! If something seems off, feel free to fact-check. I'm always happy to clarify or correct myself.
193,1,Really?
193,2,Yes, really! Would you like me to explain further or provide more details? I'm happy to elaborate.
194,1,Wow
194,2,Right?! It's pretty amazing. Would you like to know more about it?
195,1,Cool
195,2,Glad you think so! Anything else you'd like to chat about?
196,1,Awesome
196,2,Thanks! I appreciate that. What else can I help you with?
197,1,Great
197,2,Happy to hear that! Let me know if there's anything else on your mind.
198,1,Perfect
198,2,Wonderful! Is there anything else I can assist you with?
199,1,OK
199,2,Alright! If you have any other questions or topics to discuss, I'm all ears.
200,1,Yes
200,2,Great! Go ahead and tell me more, or ask your next question.
201,1,No
201,2,No problem! Let me know if there's something else I can help with, or if you'd just like to chat.
202,1,Maybe
202,2,Take your time! I'm here whenever you're ready to continue.
203,1,I'm not sure
203,2,That's perfectly okay! Would you like me to help you think through it, or would you prefer to explore a different topic?
204,1,What is public speaking?
204,2,Public speaking is the act of presenting information to a live audience. It's a valuable skill for careers, education, and leadership. Practice, preparation, and knowing your audience are key to becoming a confident speaker.
205,1,How do I learn a new language?
205,2,Immerse yourself as much as possible! Use language apps like Duolingo, watch shows in the target language, practice with native speakers, and study consistently. Even 15 minutes a day can make a big difference over time.
206,1,What is yoga?
206,2,Yoga is a mind-body practice combining physical postures, breathing techniques, and meditation. It originated in ancient India and promotes flexibility, strength, balance, and mental clarity.
207,1,What is gardening?
207,2,Gardening is the practice of growing and cultivating plants. It can be done in backyards, balconies, or community gardens. It's relaxing, rewarding, and provides fresh herbs, vegetables, or beautiful flowers.
208,1,What is volunteering?
208,2,Volunteering is offering your time and skills to help others without pay. It benefits communities, builds new skills, creates connections, and provides a sense of purpose and fulfillment.
209,1,What is recycling?
209,2,Recycling is the process of converting waste materials into new products. It reduces landfill waste, conserves resources, and helps protect the environment. Common recyclables include paper, glass, plastic, and metals.
210,1,What is sustainability?
210,2,Sustainability means meeting current needs without compromising the ability of future generations to meet theirs. It encompasses environmental protection, social equity, and economic viability.
211,1,What is a smartphone app?
211,2,A smartphone app (application) is software designed to run on mobile devices. Apps can do almost anything — from social media and games to banking and health tracking. They're available through app stores like Google Play and Apple's App Store.
212,1,What is social media?
212,2,Social media consists of online platforms where people create, share, and interact with content. Examples include Facebook, Instagram, Twitter, TikTok, and LinkedIn. They connect people but should be used mindfully.
213,1,What is email?
213,2,Email (electronic mail) is a method of exchanging digital messages over the internet. It's one of the most widely used forms of communication for both personal and professional purposes.
214,1,What is a podcast?
214,2,A podcast is a series of spoken audio episodes available for download or streaming. Podcasts cover virtually every topic — news, education, comedy, storytelling, and more. They're great for learning on the go!
215,1,What is virtual reality?
215,2,Virtual reality (VR) is a technology that creates an immersive, computer-generated 3D environment that users can interact with using special headsets and controllers. It's used in gaming, training, education, and healthcare.
216,1,What is 3D printing?
216,2,3D printing is a process of creating three-dimensional objects from a digital file by layering material. It's used in manufacturing, medicine, architecture, and even food production. It enables rapid prototyping and custom designs.
217,1,What is robotics?
217,2,Robotics is the branch of engineering focused on designing, building, and operating robots. Robots are used in manufacturing, surgery, exploration, and everyday tasks. The field combines mechanics, electronics, and computer science.
218,1,What should I do today?
218,2,How about trying something new? You could learn a skill, read a book, exercise, work on a project, or reach out to a friend. What sounds appealing to you?
219,1,I don't know what to do
219,2,That happens to everyone sometimes! Here are some ideas: take a walk, try cooking a new recipe, watch a documentary, start a journal, or learn something new online. What interests you?
220,1,Can we chat?
220,2,Of course! I'm here to chat about anything. What's on your mind?
221,1,Let's talk
221,2,I'd love to! Pick any topic you're curious about, or tell me about your day. I'm all ears!
222,1,I want to learn something new
222,2,That's a great attitude! There's so much to explore. Are you interested in technology, science, languages, art, or something else? I can suggest resources and share information on any topic.
223,1,What is the best way to learn?
223,2,Research shows that active learning is most effective. This includes practicing, teaching others, solving problems, and using spaced repetition. Combine different methods and stay curious — learning should be enjoyable!
224,1,What is time management?
224,2,Time management is the process of planning and controlling how much time to spend on specific activities. Good time management leads to greater efficiency, less stress, and a better work-life balance.
225,1,What is work-life balance?
225,2,Work-life balance is about dividing your time and energy between work and personal life in a way that feels healthy and sustainable. It means setting boundaries, prioritizing self-care, and making time for things you enjoy.
226,1,What is mindfulness?
226,2,Mindfulness is the practice of being fully present and aware in the current moment without judgment. It involves paying attention to your thoughts, feelings, and surroundings. Regular practice can reduce stress and improve well-being.
227,1,What is a good morning routine?
227,2,A good morning routine might include waking up early, drinking water, exercising or stretching, meditating, eating a healthy breakfast, and planning your day. Find what works best for you and be consistent.
228,1,What is an evening routine?
228,2,A relaxing evening routine could include reviewing your day, preparing for tomorrow, reading, reducing screen time, light stretching or meditation, and going to bed at a consistent time for quality sleep.
229,1,What is sleep hygiene?
229,2,Sleep hygiene refers to habits that promote good sleep. Key practices include maintaining a consistent sleep schedule, creating a dark and cool bedroom, avoiding caffeine late in the day, and limiting screen time before bed.
230,1,How much sleep do I need?
230,2,Most adults need 7-9 hours of quality sleep per night. Teenagers need 8-10 hours, and children need even more. Quality matters too — aim for uninterrupted, deep sleep for optimal health.
231,1,What is gratitude?
231,2,Gratitude is the practice of recognizing and appreciating the good things in life. Studies show that practicing gratitude — like keeping a gratitude journal — can improve happiness, reduce stress, and strengthen relationships.
232,1,What makes a good conversation?
232,2,A good conversation involves active listening, genuine curiosity, asking thoughtful questions, and sharing your own perspectives. It's about creating a connection where both people feel heard and valued.
233,1,How do I make friends?
233,2,Making friends starts with putting yourself in social situations — join clubs, classes, or community groups. Be genuinely interested in others, listen actively, be reliable, and don't be afraid to initiate plans.
234,1,What is emotional intelligence?
234,2,Emotional intelligence (EQ) is the ability to recognize, understand, and manage your own emotions and those of others. It involves self-awareness, empathy, social skills, and emotional regulation. High EQ improves relationships and decision-making.
235,1,What is a growth mindset?
235,2,A growth mindset is the belief that abilities and intelligence can be developed through effort, learning, and persistence. People with a growth mindset embrace challenges, learn from criticism, and persist through setbacks.
236,1,What is climate?
236,2,Climate refers to the long-term average of weather conditions in a region, typically measured over 30 years. It includes temperature, humidity, precipitation, wind patterns, and seasons. Climate differs from weather, which describes short-term conditions.
237,1,What is an ecosystem?
237,2,An ecosystem is a community of living organisms interacting with their physical environment. It includes plants, animals, microorganisms, soil, water, and air working together as a system. Examples include forests, coral reefs, and wetlands.
238,1,What is biodiversity?
238,2,Biodiversity refers to the variety of life on Earth at all levels — from genes to species to ecosystems. Higher biodiversity makes ecosystems more resilient. Unfortunately, human activities are causing biodiversity loss at an alarming rate.
239,1,What is pollution?
239,2,Pollution is the introduction of harmful substances or energy into the environment. Types include air pollution, water pollution, soil contamination, noise pollution, and light pollution. It affects human health and ecosystems.
240,1,What are human rights?
240,2,Human rights are fundamental rights and freedoms that belong to every person, regardless of nationality, sex, ethnicity, or religion. They include the right to life, freedom of expression, education, and protection from discrimination.
241,1,What is diversity?
241,2,Diversity refers to the presence of differences within a group, including race, gender, age, religion, abilities, and perspectives. Embracing diversity enriches communities, drives innovation, and promotes understanding.
242,1,What is a hobby?
242,2,A hobby is an activity done regularly for enjoyment during leisure time. Hobbies can include reading, painting, gardening, coding, cooking, sports, or playing music. They reduce stress and bring joy and fulfillment to life.
243,1,What hobbies should I try?
243,2,It depends on your interests! Creative types might enjoy painting, writing, or photography. Active people might like hiking, cycling, or dancing. Tech enthusiasts could try coding or 3D printing. Try a few and see what sticks!
244,1,What is photography?
244,2,Photography is the art and practice of capturing images using a camera. It can be a hobby or profession, covering genres like portraits, landscapes, street photography, and wildlife. Modern smartphones make it accessible to everyone.
245,1,What is a healthy relationship?
245,2,A healthy relationship is built on mutual respect, trust, communication, and support. Both people should feel safe to be themselves, resolve conflicts constructively, maintain their individuality, and grow together.
246,1,How do I handle conflict?
246,2,Stay calm, listen actively to the other person's perspective, use "I" statements instead of blaming, focus on the issue rather than personal attacks, and work together to find a solution. Taking a break if emotions run high can also help.
247,1,What is a budget?
247,2,A budget is a plan for managing your income and expenses. It helps you track spending, save money, pay off debt, and reach financial goals. The 50/30/20 rule is a popular approach: 50% needs, 30% wants, 20% savings.
248,1,How do I save money?
248,2,Track your spending, create a budget, cut unnecessary expenses, automate savings transfers, cook at home more often, and look for deals. Even small amounts saved consistently add up significantly over time.
249,1,What is investing?
249,2,Investing is putting money into assets (like stocks, bonds, or real estate) with the goal of growing your wealth over time. It involves risk, so it's important to diversify and invest for the long term. Starting early gives compound interest more time to work.
250,1,What is the stock market?
250,2,The stock market is a marketplace where shares of publicly traded companies are bought and sold. It allows companies to raise capital and investors to potentially grow their wealth. Major exchanges include the NYSE and NASDAQ.
